,angle
0,65.04438155587242
1,65.98838902837505
2,69.17048283711055
3,75.27668321153435
4,80.16841058004532
5,83.69777919682873
6,87.17481085193967
7,90.87589748980876
8,95.43172382834081
9,97.98212837093571
10,62.47752791559686
11,61.19958284338796
12,59.350722327375294
13,58.79057922178897
14,56.75174623831057
15,57.43837731757081
16,58.78358988112739
17,56.25592787213592
18,56.21112656406824
19,56.07159898553027
20,66.81277681054655
21,68.8986831469206
22,71.94536213399893
23,78.71133975294396
24,80.49088146504893
25,83.91319809614927
26,86.40757117963787
27,91.33739250591117
28,93.71851435683527
29,97.27314703145798
30,62.66224948557094
31,62.80098284482301
32,58.052493602874954
33,58.32216497955768
34,56.35176078161291
35,56.145614540718114
36,54.77019180978601
37,50.038375723463226
38,51.753459467647176
39,52.03417308442514
40,64.0561020354192
41,69.05774746571674
42,70.05490352733298
43,74.12802098934726
44,73.71347501954295
45,74.81112292745897
46,83.20188983576271
47,85.11318661191328
48,84.83010141905632
49,86.17203809492916
50,66.20527531480477
51,67.87054577664942
52,71.14506847327799
53,74.90384699679483
54,79.52146353606409
55,83.81938192881441
56,89.53658207971918
57,93.59273622608833
58,97.13831477342461
59,98.4937078655744
60,64.42437504336576
61,70.79932446770387
62,74.83193407188378
63,78.30330228092713
64,80.44201811631955
65,85.55917707047365
66,88.42117103282601
67,92.96175226619671
68,97.85178762818892
69,101.16514637391306
70,63.62107689904447
71,65.47573171321073
72,66.92500234746427
73,66.87525533992167
74,69.13299507300115
75,71.64015422849978
76,72.0003015852202
77,73.85889787463682
78,80.21660520004207
79,79.43053013204607
80,60.32834633936376
81,59.97814151841375
82,60.262888427763805
83,57.54934411328242
84,57.59436029888794
85,54.92370520321712
86,53.62062899823449
87,54.32033352956613
88,55.0760637082292
89,54.13190026442602
90,65.76922867012557
91,71.14010636209638
92,72.31435361833505
93,77.2460996157231
94,80.18177567673075
95,81.22335908709856
96,87.38358377867903
97,93.00897264450309
98,97.8007456596906
99,102.47836756120883
100,62.790189637897704
101,61.51561909855428
102,61.58232099637971
103,63.212648658708275
104,63.411534287575904
105,62.166969566603065
106,61.331983010940384
107,62.72033436350268
108,64.02760414993074
109,62.645819207679054
110,65.46796347496833
111,70.95409671100145
112,76.11866715353409
113,81.54535003010432
114,83.59429761770032
115,91.45241679630011
116,90.80312697726005
117,95.79522723397521
118,99.06227224075278
119,106.28525069476692
120,63.06286719525505
121,62.74096261683135
122,63.14943383330283
123,64.14991914301939
124,64.13036607473755
125,65.62968071727383
126,64.62088279764629
127,64.62200655048386
128,68.78049633639753
129,71.34311479798208
130,62.050976659719595
131,60.82530499365771
132,59.64764905106999
133,63.87398402201151
134,65.22094850972279
135,63.556742880588395
136,61.59287522081945
137,66.33411704265924
138,68.5697276133877
139,67.16965820304559
140,62.268411566859335
141,61.4965385131208
142,62.423981961271245
143,61.73008819694315
144,61.55035193144558
145,61.93825846787554
146,60.74536508847868
147,64.03648248663355
148,63.69879883799508
149,66.58553488420293
150,66.3507238660508
151,69.52642939484902
152,72.98048477012863
153,78.70517266461866
154,83.24706953697064
155,84.78653601304104
156,90.90385727674429
157,100.40364895222952
158,102.9215661585389
159,106.62594454840102
160,64.18267464709231
161,67.809364724877
162,70.69519752711783
163,72.1771118239138
164,73.06583062177455
165,76.14082888312173
166,77.465570301551
167,77.82453177484273
168,81.47493892658949
169,80.74993685179801
170,63.86460706771693
171,62.85987303131201
172,62.65964351113538
173,60.45961010905068
174,59.6991523098092
175,60.13210729737112
176,62.279722647339796
177,64.02787675157803
178,61.11448069140238
179,62.33437513482526
180,65.4027391917318
181,69.67447234639613
182,71.44411703039545
183,79.72639411833501
184,84.98905747579957
185,88.80367827357095
186,94.45537410439806
187,100.65485835025312
188,102.47864665382504
189,104.84274811908313
190,62.19376577530271
191,61.53873009149823
192,58.87529005610401
193,59.33115868286418
194,59.06417578729218
195,57.41316433158399
196,56.30274838806193
197,56.430574780264486
198,57.97490868876277
199,58.07521574489852
200,64.5723249840326
201,68.71486425048914
202,71.61724595434735
203,74.54018949660771
204,76.7924930205029
205,78.06812213190068
206,82.75046021679626
207,86.77010343604971
208,86.67773078035422
209,86.02670437889083
210,63.32117397485681
211,60.05400914849335
212,62.9107390343173
213,60.69058752945814
214,58.67480736643543
215,59.76817559298587
216,58.535083706641814
217,57.47612642714684
218,59.80428549077868
219,59.155991988393886
220,61.3198572575557
221,59.60571194268173
222,57.928486134149196
223,58.57135211895136
224,55.900949275937435
225,56.60004145651154
226,55.33509433639185
227,55.98705217763201
228,52.069856763456734
229,51.80581935359478
230,65.91254410788272
231,68.52646079525039
232,67.59334695400113
233,75.478009981586
234,76.7540015461161
235,80.6366564705617
236,83.80825547426369
237,88.57906767312909
238,88.85259934948898
239,94.117565279847
240,61.84311168867062
241,57.86655594179391
242,52.86637363716915
243,52.56090478777907
244,51.37143927135703
245,51.13062934834139
246,50.20879505304667
247,50.5138909924215
248,49.465646441953794
249,49.27153109263249
250,62.68304875039493
251,62.56379802011113
252,59.721150072236085
253,58.553605683842584
254,56.79426677200092
255,53.10466549954712
256,52.62702263229657
257,51.58289473167991
258,50.27264519466688
259,50.690127394460696
260,64.03238044727516
261,63.436615644574225
262,62.20082019306796
263,59.83824534772211
264,61.305426614685665
265,60.31686649820514
266,59.95853393525691
267,63.75186788867943
268,61.4492029465135
269,63.91166669082024
270,64.01083590015631
271,62.17993942332356
272,60.37855050557048
273,58.20453916494442
274,58.61110415230812
275,55.1043084471035
276,56.34039827748769
277,55.40509283529809
278,53.95643180009309
279,55.5741696984662
280,59.46805042488412
281,59.510787429946426
282,55.34869457022479
283,54.56761406939527
284,51.86326169827744
285,52.09742671635052
286,52.72029165984772
287,50.32510449042923
288,51.467152987716936
289,51.11499444555692
290,60.599877041864076
291,58.98637884089303
292,56.543851201463276
293,56.76508071153423
294,55.52702297379983
295,56.256513615830904
296,57.101677093811915
297,55.062593829234366
298,53.312216836835375
299,52.5005278134177
300,66.07155025625059
301,69.40200430269876
302,76.1071309916938
303,78.73097172481798
304,82.91264055304202
305,87.27752514864598
306,92.2546961868537
307,95.80965455307357
308,97.2227457099771
309,102.00821800278541
310,59.382395879818205
311,60.34512222996903
312,58.22647503929782
313,56.830418361774875
314,55.9160993134049
315,53.51689656462945
316,52.28439663207207
317,50.27659899322092
318,48.992663768122036
319,50.3591484477519
320,65.28681991365644
321,67.02374996628818
322,70.89231210465339
323,75.16625543294569
324,79.04525249814195
325,84.89076105124293
326,87.77056193141296
327,91.158260797818
328,96.63914312810448
329,97.63617573291954
330,66.0981885021507
331,66.46476270987431
332,68.10850374372681
333,71.35710653201122
334,70.1875040734439
335,72.1108892081385
336,77.29952657228709
337,73.97880685519824
338,77.34711998190868
339,74.88659686010807
340,66.19381634864052
341,72.42324546705586
342,75.30193127050612
343,77.77359387511538
344,83.05223722116807
345,87.26149673766459
346,92.33204008540068
347,94.05847620908786
348,100.84112173863888
349,105.85258776865412
350,64.09456994661102
351,65.88634394185311
352,64.87217099190903
353,67.19655952170915
354,66.70213733546832
355,65.59028828395452
356,68.61369538810149
357,70.83971103024139
358,74.67476396466876
359,72.8656064035778
360,63.33335557076791
361,68.93801065870561
362,70.47634889329794
363,73.9548196977556
364,74.79417543692522
365,80.47530860307548
366,83.91358173361398
367,87.1839636050938
368,87.19406289417167
369,96.96602917501818
370,59.508777327091906
371,60.23948946868885
372,59.66145142332386
373,59.72560045578638
374,59.00772148544696
375,57.76027337240424
376,57.75923154618502
377,58.176431224609196
378,55.77056567874244
379,55.08745779239959
380,62.405622664998276
381,58.534898267055425
382,56.901782168184695
383,55.95903061686925
384,54.991276793331714
385,55.21202737892111
386,53.27901102794165
387,51.64538412825917
388,51.69837741783451
389,48.7692271459079
390,63.3946497506276
391,65.64245296040563
392,67.14692142896372
393,71.50450389102569
394,71.275098871525
395,72.12296841023384
396,72.40073968152119
397,72.50488353308546
398,76.42523467144851
399,79.00090001919013
400,64.97121949988167
401,68.34380740952246
402,72.86054934238594
403,78.06791126270542
404,80.66137505985398
405,82.98820585410833
406,90.90215157592702
407,92.4422674956962
408,93.49278527269107
409,100.93032346186372
410,66.32664610763119
411,68.58294543210833
412,71.84918099351161
413,76.7410331293044
414,79.58932687668587
415,84.04916710363362
416,90.36276162073918
417,88.52232910089707
418,95.83020474903151
419,100.43361305243074
420,63.600942116337954
421,65.53408147213037
422,64.95327337561996
423,64.24553356337421
424,67.04015671658368
425,66.63614497298182
426,65.55340416212881
427,66.24492812548591
428,70.58718369804558
429,69.02702710574923
430,62.776615327199835
431,62.41802210084388
432,63.00404573982921
433,62.575237348301904
434,65.03416667959974
435,65.2132016066866
436,67.25179311627083
437,64.54293399233627
438,66.91369726215305
439,66.84496243938365
440,61.61674600714242
441,61.83905572415917
442,58.327774493988095
443,58.78043386790073
444,55.01513226135065
445,53.98968141697305
446,55.54424947555226
447,55.72982097974819
448,56.02166707573099
449,53.29228583485836
450,58.84538222202009
451,59.228114238099394
452,58.67864157884491
453,56.902416162707816
454,55.84894450286493
455,54.834775750259304
456,55.50852056640848
457,51.44896569869897
458,50.776100582775754
459,48.76451465477234
460,64.1256462482518
461,62.164603382145145
462,60.08043596193599
463,57.89177505129532
464,59.11557394504964
465,58.11430201954099
466,57.14052069201739
467,56.71773911308457
468,56.115310175825236
469,57.44502262210784
470,63.929121755014975
471,68.43513675283235
472,71.44128282994899
473,77.66168688558461
474,81.58423575794204
475,85.00556252450664
476,89.41877453580142
477,96.03975713560529
478,100.43697166965498
479,100.51088843749993
480,63.81469460493329
481,68.85551098308495
482,71.86908903273824
483,76.8634796802531
484,79.19554355620907
485,83.246928830664
486,86.74342424205686
487,90.37170449952707
488,91.68827573796203
489,94.3935504167835
490,61.204088399143835
491,61.23843780949891
492,57.52971878822155
493,57.58829757740992
494,56.49871345879702
495,55.38261918007706
496,54.6934794111125
497,52.881298351169946
498,52.9494276141247
499,52.21985191884373
500,66.47073497915817
501,70.65711466288705
502,75.58582460419363
503,76.22847144980967
504,80.89069992305306
505,86.08775212562449
506,87.37779751794173
507,89.79093952716218
508,95.14133833431252
509,98.58157958302785
510,64.21013659007941
511,70.30253742079623
512,70.50194580794872
513,75.09100164998829
514,76.76233203125199
515,78.86804712732369
516,86.7062019885834
517,95.79210065012019
518,101.23648388753551
519,102.99477634579844
520,63.924054541641496
521,61.86639738165697
522,61.65526212442074
523,63.123246278403975
524,62.852265941061546
525,60.61070844985927
526,60.5862891798648
527,62.489227978342164
528,62.018338007314654
529,61.80115294651072
530,59.090841465449856
531,57.57124761060171
532,58.48625290486694
533,56.45729259786115
534,53.290218940906705
535,51.12349391675049
536,52.29532662743352
537,50.054533656910564
538,48.92875528437018
539,46.265273496346566
540,65.92851024642182
541,66.99587082038006
542,71.84122368085832
543,75.14170094401112
544,80.84721738400395
545,82.26129229021792
546,89.18567854100031
547,90.78841860698505
548,91.91819544356747
549,94.66890677917694
550,60.37391337972195
551,57.23641091680559
552,55.55851555751642
553,54.75090642609076
554,54.272472273334955
555,50.97011163235637
556,45.498023621782046
557,48.05729773845869
558,44.92225976424453
559,46.01605372957717
560,64.61107033377007
561,67.83663019005299
562,71.66968448249972
563,72.15475431678989
564,73.8383822729174
565,77.36510777390015
566,77.25242390523492
567,82.03915380206463
568,79.90417016699784
569,84.07499658457569
570,67.37002322954955
571,69.96387456232556
572,74.11644803565238
573,77.97900702475269
574,88.58448415144892
575,87.48373362229849
576,88.15140710665355
577,93.06920594072578
578,98.27270583125807
579,102.97194565053883
580,59.88246656836359
581,63.31757715219531
582,61.23898335773293
583,60.70174449674917
584,60.93608187128689
585,59.544743614205586
586,62.21755639735256
587,59.544117550955626
588,60.69184691335103
589,62.12727216946531
590,59.627903854092885
591,57.53666929031638
592,55.94710112741154
593,54.06215948980617
594,53.98430197586214
595,53.43713177490907
596,53.051161837607395
597,53.962012848612325
598,52.07661348678156
599,49.028839848465374
600,63.07178360950259
601,64.08194413727655
602,66.93071072288392
603,75.3764091164974
604,76.08934134204706
605,77.14532076345797
606,78.58003242590824
607,82.4855456679019
608,87.64346151047427
609,94.88292566603026
610,66.35636442700081
611,68.50103235865373
612,70.0810669803591
613,75.43151627689767
614,78.5430873053283
615,81.45478482589526
616,84.27701663271849
617,88.92107309816595
618,90.72866471481777
619,95.85632788635682
620,63.362977032177135
621,66.82104413650616
622,69.20691972636826
623,72.67870588862742
624,74.90273493800109
625,76.42584119168552
626,75.41545673895149
627,78.61751314692219
628,75.37074312823708
629,79.73452384815397
630,63.907506479483914
631,62.59960458028419
632,60.8372602653796
633,57.63432213457599
634,57.68228154240907
635,58.383714017100324
636,57.07379039220055
637,57.23231720731503
638,55.03399047835124
639,53.89082501449519
640,63.290249526089646
641,66.51072165994587
642,73.40922867011685
643,74.7186142188783
644,78.59107865468215
645,80.35782453556448
646,82.76795970602076
647,83.99714271604344
648,89.22707249928828
649,91.22468300851695
650,65.7592141715821
651,64.21923982671916
652,65.37810978069142
653,65.48407605364794
654,65.5144495251759
655,68.3588438375675
656,71.23460610370742
657,72.50695055708808
658,72.76028605283284
659,70.34781020672344
660,64.38240553004565
661,61.39325071981199
662,61.0927176646032
663,64.97126277241436
664,62.91089242908017
665,65.35862301043878
666,67.79202774425866
667,66.89906838077144
668,65.41903277169735
669,66.9718985491122
670,60.36067996288891
671,59.139247112709796
672,56.02229630092749
673,54.62000037697401
674,53.325313292287184
675,53.33610517412224
676,53.4201751527932
677,54.129193445630165
678,53.58929840521707
679,53.91549399307773
680,64.98926830273135
681,65.98957454901776
682,68.37549677007267
683,67.49149607708488
684,68.53073799537819
685,71.13058611386379
686,73.08078984101272
687,74.88738249013134
688,79.70719904482675
689,80.7096329097442
690,61.72630995116546
691,62.067201301147314
692,58.606776373613975
693,58.371845413822484
694,58.614642990161805
695,55.66589375921045
696,54.62357157680626
697,55.18680420295935
698,55.863459074486556
699,53.16312146950648
700,64.23044232160922
701,68.17745481412892
702,71.56056207379564
703,72.29587623823292
704,74.86199844506964
705,77.62367805203728
706,81.40026972912828
707,87.82749585629988
708,89.19365001720259
709,90.85903244150101
710,62.329574758913886
711,61.94194393545348
712,59.74026936257208
713,59.57560880495021
714,59.97207566906837
715,62.32543759088646
716,63.75093845441643
717,64.97200047526434
718,63.13117143173395
719,64.44776686927821
720,60.47373512728189
721,58.60416600728379
722,58.48085003197108
723,58.389001332958244
724,56.804516807654494
725,54.83107537554655
726,53.42170249921407
727,54.664237840761615
728,55.34134206926829
729,53.36792284745296
730,61.58223256852832
731,61.00304730440161
732,61.38864844313732
733,59.04236920170486
734,59.924603850975245
735,63.758308461619166
736,62.390473855034756
737,62.36746080398969
738,64.83775847385805
739,65.19730746990915
740,62.97399989995118
741,59.385211798142414
742,60.12227461858693
743,58.64561143496205
744,60.59713679707123
745,57.38592275444432
746,58.638583523800754
747,59.46118914932246
748,56.06176351519902
749,58.866186781164
750,61.21340986145572
751,58.73951156204037
752,57.907789699251275
753,55.9233917911158
754,54.339925797979376
755,55.06270468961789
756,51.326645434031995
757,50.62877377095224
758,50.09391281725875
759,48.6967212308311
760,61.46546832532123
761,59.54274351313121
762,59.517047508762225
763,55.66706627312476
764,56.19054672111371
765,53.594094947960414
766,52.17954228149607
767,54.589062428133396
768,51.447689483190004
769,51.15853261003112
770,65.9507654367853
771,68.21920326599853
772,75.20788682438915
773,74.38934692418472
774,78.17931266872415
775,79.04714439914522
776,85.06024400801144
777,87.58912519783323
778,89.06554999929406
779,91.55625551846333
780,65.24666952296239
781,70.96822729036175
782,74.88634768743191
783,78.24002254421194
784,84.06750536618378
785,86.38514836224088
786,88.13933286295409
787,93.32490776291473
788,98.6737113768397
789,104.352868451462
790,63.72104878042754
791,65.264904429838
792,68.36786438438767
793,72.35139761572195
794,76.82868252379758
795,78.94429732949398
796,83.50040031000142
797,88.35176190656705
798,93.81836456616499
799,95.38311549396815
800,62.968667332757576
801,64.06790881133328
802,66.80950773642596
803,63.412297963492584
804,68.25906699068878
805,68.77745966711372
806,73.6539231735765
807,75.18819007422715
808,78.55668992692692
809,81.64252110957777
810,66.00013535747068
811,68.6679811348481
812,73.09373060461158
813,76.84205322961205
814,82.68685567358868
815,88.83335775791345
816,92.62096297901688
817,98.64978378202657
818,102.66267615693357
819,106.34283534172434
820,61.0589727869356
821,59.22196407235961
822,57.13303805722626
823,56.823372223143274
824,54.897140069180196
825,54.098786332765194
826,51.79175857009827
827,51.018909975210036
828,47.199749468909296
829,45.89313240291252
830,61.770837375328114
831,61.8259901434882
832,62.503413571401275
833,61.40404416539731
834,61.03678119914592
835,63.96008296768632
836,64.55482654192782
837,66.1165766830055
838,63.15279770331519
839,64.43719220927227
840,64.86265940790514
841,73.0210766963916
842,75.98293030967355
843,80.22630166169444
844,84.8313318940451
845,88.83879948964885
846,94.33965085970908
847,98.3373830670664
848,103.47203336181023
849,108.71104603836453
850,63.2775009210858
851,63.10647824363002
852,65.16460363268796
853,64.73124859880144
854,68.61678634794565
855,71.79198261875705
856,77.50640011384756
857,75.96723416414095
858,78.13278264874428
859,78.72101019568677
860,60.26308751534957
861,56.85952756890833
862,56.819488064615
863,55.78137229995345
864,55.408357783052594
865,53.7793256859699
866,53.57671703459242
867,50.906335211233234
868,51.52175840871659
869,52.48048227241431
870,59.3358856978493
871,57.37977288404229
872,56.94871223369984
873,55.223735475045096
874,57.001700471151175
875,54.51371627810491
876,57.61265121427336
877,54.9969295042394
878,54.55246409576677
879,56.62743313360122
880,64.41742401612382
881,67.99447071424345
882,69.20387960684933
883,69.84335054514845
884,73.24790056987855
885,76.95586517240712
886,80.9256805915837
887,78.47794384880852
888,86.14889213320036
889,90.27715799017702
890,65.9524162000498
891,71.874330080713
892,72.57541725758819
893,77.73943387870297
894,79.67017744675242
895,81.86132007084949
896,81.8323006882692
897,84.57964849555125
898,88.59641027359541
899,90.55003072081334
900,61.457961956132266
901,60.37677238953896
902,59.303207064014636
903,57.48489984129462
904,55.87795049058363
905,53.975261558298655
906,57.28973684538083
907,53.85775097513889
908,53.53197950761556
909,50.69151424218614
910,64.90181355132515
911,68.328244939442
912,71.90398029929622
913,73.97745450520428
914,79.5847507660058
915,83.47490825878508
916,84.83436993174688
917,91.33604732021358
918,91.11824065975006
919,95.82513867711481
920,61.325692812052054
921,59.25174264685124
922,56.792049304435395
923,57.869427225005744
924,55.785853239350125
925,53.61457842321474
926,52.48773391107386
927,53.757376847740396
928,53.65575327970252
929,51.09986747771599
930,63.77397562738899
931,70.68005918533038
932,73.10143678172861
933,73.3840038167668
934,75.45356217063335
935,80.86629256803326
936,83.50805186418388
937,82.41817938669656
938,90.69889340759401
939,92.43287807887037
940,63.44903321227165
941,64.43509376519201
942,63.72954208281496
943,63.27541518272039
944,64.6067625995464
945,65.12274340802375
946,65.06564988293788
947,66.45803407856917
948,68.71656983896297
949,66.45304169859078
950,61.82911931218653
951,62.23842422409786
952,62.54319107403277
953,61.22590269341837
954,59.43746100644294
955,56.89097134039657
956,58.20767408448191
957,55.76333629394382
958,54.18088346080234
959,55.18283950050829
960,60.12705670185124
961,58.35039711309046
962,57.63749331893133
963,53.895553631564695
964,54.95839115554072
965,55.03658559491372
966,52.893660588398916
967,51.33017673560828
968,51.09580476941461
969,50.55052987623519
970,60.542933743993956
971,58.68215917927326
972,54.50301515748232
973,55.77478057054453
974,53.82794067584364
975,53.74743162829416
976,51.75828918221753
977,49.440522366846565
978,50.24957157914865
979,49.031411846375335
980,63.8510492291568
981,65.69102176575633
982,70.53518366648314
983,72.14159348768696
984,74.59221410400536
985,73.5133934971152
986,74.15361659719669
987,77.71551508664622
988,81.40732786251473
989,82.70786801727961
